Feature,Importance
User_Score,0.7132059084439026
Critic_Score,0.25214542516675564
Year_of_Release,0.034648666389341706
