Feature,Importance
User_Score,0.6773889376984694
Critic_Score,0.29168254538688265
Year_of_Release,0.030928516914647923
